Date,BIL,SHY,IGSB,IGIB,LQD,SHYG,HYG,EMB,CEMB,SPY,QQQ,IJK,IWM,VGK,EWU,EWJ,EEM,AAXJ,MCHI,INDA,GLD,FTLS,QAI,WTMF
2016-01-01 00:00:00-05:00,74.47636413574219,70.17021942138672,39.97005844116211,38.61384201049805,80.43102264404297,24.692094802856445,46.52830505371094,65.39717864990234,29.44954490661621,164.1851348876953,96.85092163085938,34.463294982910156,90.44291687011719,33.9090461730957,20.781957626342773,37.60775375366211,24.488723754882812,41.25600814819336,32.698917388916016,23.150388717651367,106.94999694824219,28.849672317504883,23.98630714416504,28.967363357543945
2016-02-01 00:00:00-05:00,74.47636413574219,70.21151733398438,40.0081787109375,38.76779556274414,81.03704833984375,24.899545669555664,46.99189758300781,66.28092956542969,29.67408561706543,164.04949951171875,95.33485412597656,34.66100311279297,90.2408676147461,32.81496810913086,20.132522583007812,35.61289596557617,24.288455963134766,40.89113235473633,31.924732208251953,21.403858184814453,118.63999938964844,28.428241729736328,24.07179069519043,29.955602645874023
2016-03-01 00:00:00-05:00,74.47636413574219,70.30663299560547,40.25453567504883,39.3499641418457,83.96949768066406,25.3675594329834,48.17424392700195,68.46786499023438,31.655229568481445,174.1861114501953,101.56651306152344,36.954010009765625,97.18045806884766,34.923946380615234,21.21491241455078,37.31342697143555,27.436662673950195,45.302825927734375,35.38774871826172,24.166223526000977,117.63999938964844,29.31599235534668,24.63597297668457,29.345836639404297
2016-04-01 00:00:00-04:00,74.50895690917969,70.32904052734375,40.379005432128906,39.59762191772461,85.2850341796875,25.767536163330078,49.70811462402344,69.54671478271484,32.91209030151367,175.77455139160156,98.6214599609375,37.26739501953125,99.10224914550781,36.090850830078125,22.067298889160156,37.34612274169922,27.548816680908203,44.78867721557617,35.18796157836914,24.11275863647461,123.6500015258789,29.125164031982422,24.841127395629883,30.10279083251953
2016-05-01 00:00:00-04:00,74.50895690917969,70.24706268310547,40.379859924316406,39.5738410949707,84.85590362548828,25.8914794921875,49.796836853027344,69.41162109375,32.71397399902344,178.76475524902344,102.9312744140625,38.5112419128418,101.32252502441406,35.90990447998047,21.810230255126953,38.556121826171875,26.53145408630371,44.208187103271484,35.17131423950195,24.620677947998047,116.05999755859375,29.2353515625,24.755645751953125,29.710294723510742
2016-06-01 00:00:00-04:00,74.4926986694336,70.66854858398438,40.65534591674805,40.15980529785156,87.47315979003906,26.235158920288086,50.67692565917969,72.28519439697266,33.063907623291016,178.45803833007812,100.31925201416016,38.52490234375,101.30493927001953,33.774566650390625,20.795486450195312,37.60775375366211,27.524784088134766,45.34428787231445,35.28784942626953,24.879091262817383,126.47000122070312,29.21698570251465,24.92660903930664,29.79439926147461
2016-07-01 00:00:00-04:00,74.52523803710938,70.63645935058594,40.70014572143555,40.45561981201172,88.6119155883789,26.57530403137207,51.34859085083008,73.23101806640625,33.37982940673828,185.9285430908203,107.77922058105469,40.34452438354492,106.67060852050781,35.64258575439453,21.63196563720703,39.749786376953125,29.234670639038086,48.09646224975586,36.91246032714844,26.492786407470703,128.97999572753906,30.53066062927246,25.123218536376953,29.394899368286133
2016-08-01 00:00:00-04:00,74.52523803710938,70.4705810546875,40.67359924316406,40.40350341796875,88.77987670898438,26.939966201782227,52.369606018066406,74.22118377685547,33.53269577026367,186.1511993408203,108.9110107421875,40.60258102416992,109.17002868652344,35.88619613647461,21.867700576782227,40.47489929199219,29.493038177490234,48.964271545410156,39.21004867553711,26.501754760742188,124.77999877929688,30.199411392211914,25.054834365844727,28.7711181640625
2016-09-01 00:00:00-04:00,74.54154968261719,70.56256103515625,40.67658996582031,40.436275482177734,88.50159454345703,27.163461685180664,52.94529342651367,74.53623962402344,33.61642837524414,185.22633361816406,111.0435791015625,39.901519775390625,110.03819274902344,35.97477722167969,21.964763641357422,41.33186721801758,30.23581314086914,50.49962615966797,40.66911315917969,26.367273330688477,125.63999938964844,30.420251846313477,25.046283721923828,29.486011505126953
2016-10-01 00:00:00-04:00,74.5578842163086,70.52935791015625,40.64458465576172,40.26845169067383,87.14602661132812,27.13677978515625,52.417198181152344,73.2410888671875,33.41874313354492,182.93450927734375,109.6995849609375,38.70049285888672,105.26982116699219,34.89255905151367,20.799962997436523,41.628501892089844,29.985515594482422,49.16453552246094,39.470001220703125,26.035551071166992,121.94000244140625,29.957040786743164,24.704355239868164,29.21967887878418
2016-11-01 00:00:00-04:00,74.52523803710938,70.1961898803711,40.46788787841797,39.45894241333008,84.38445281982422,27.235193252563477,52.42367172241211,70.10570526123047,32.900604248046875,189.6735382080078,110.17777252197266,40.931968688964844,116.91615295410156,34.07611083984375,20.841567993164062,41.10938262939453,28.661447525024414,47.62919235229492,39.09265899658203,24.143848419189453,111.75,31.434152603149414,24.37097930908203,28.834192276000977
2016-12-01 00:00:00-05:00,74.4926986694336,70.19682312011719,40.509681701660156,39.52293014526367,84.85311126708984,27.59998893737793,53.21333312988281,70.96968078613281,32.97687911987305,192.3846435546875,111.09673309326172,41.743019104003906,119.79439544677734,35.58283996582031,21.27836799621582,40.26067352294922,28.26583480834961,45.835174560546875,36.669281005859375,24.036266326904297,109.61000061035156,31.810335159301758,24.50775146484375,29.058475494384766
2017-01-01 00:00:00-05:00,74.57418823242188,70.36408996582031,40.688106536865234,39.86293029785156,85.44062805175781,28.047561645507812,54.11781311035156,72.66812133789062,33.661720275878906,196.9815216064453,117.15266418457031,42.7119255065918,120.62748718261719,36.81211471557617,22.107219696044922,42.15541076660156,30.491689682006836,49.79473876953125,39.801300048828125,25.496702194213867,115.55000305175781,31.792387008666992,24.559038162231445,28.329561233520508
2017-02-01 00:00:00-05:00,74.59046173095703,70.34742736816406,40.734535217285156,40.038978576660156,86.3361587524414,28.21803855895996,54.70644760131836,73.59481811523438,34.177223205566406,204.72117614746094,122.27812957763672,44.07585906982422,122.95567321777344,37.028404235839844,22.430564880371094,42.705589294433594,31.022478103637695,51.1706657409668,41.2406120300293,26.674440383911133,119.2300033569336,32.52399826049805,24.86677360534668,28.392642974853516
2017-03-01 00:00:00-05:00,74.57907104492188,70.38987731933594,40.7748908996582,40.044857025146484,86.08015441894531,28.224773406982422,54.629364013671875,73.97718048095703,33.90558624267578,204.0892333984375,124.49764251708984,43.91025161743164,122.6344985961914,38.460304260253906,22.88043785095215,42.930667877197266,32.165706634521484,53.12902069091797,42.27353286743164,28.310688018798828,118.72000122070312,32.28322219848633,24.86677360534668,27.8950138092041
2017-04-01 00:00:00-04:00,74.63131713867188,70.51823425292969,40.86954116821289,40.36621856689453,87.10437774658203,28.425369262695312,55.080535888671875,75.24534606933594,34.451656341552734,207.01170349121094,128.15870666503906,44.677268981933594,124.4011001586914,40.17603302001953,23.267051696777344,43.23076629638672,32.712833404541016,54.201053619384766,43.314918518066406,28.841123580932617,120.7699966430664,32.84783172607422,24.92660903930664,27.93706703186035
2017-05-01 00:00:00-04:00,74.6378173828125,70.56663513183594,40.953521728515625,40.60552215576172,88.26480865478516,28.643962860107422,55.64828109741211,75.8176040649414,34.530330657958984,209.93325805664062,133.1534423828125,44.89622497558594,121.94998168945312,42.14807891845703,24.32847785949707,44.42281723022461,33.64375305175781,56.353572845458984,45.524696350097656,29.263668060302734,120.62000274658203,33.274192810058594,25.037738800048828,27.691762924194336
2017-06-01 00:00:00-04:00,74.69827270507812,70.50992584228516,40.96990203857422,40.60213851928711,88.69568634033203,28.67669105529785,55.722190856933594,75.27501678466797,34.56413269042969,210.24630737304688,129.713623046875,45.318023681640625,126.06505584716797,41.345760345458984,23.428730010986328,44.72290802001953,33.79890823364258,56.93601608276367,46.30361557006836,28.85909652709961,118.0199966430664,33.43175506591797,25.140317916870117,27.341320037841797
2017-07-01 00:00:00-04:00,74.72606658935547,70.63844299316406,41.10190200805664,40.86359786987305,89.37213134765625,28.88389778137207,56.28940200805664,76.15985107421875,34.890235900878906,215.61407470703125,135.34950256347656,45.76962661743164,126.59284210205078,43.117958068847656,24.51304817199707,45.94216537475586,35.932621002197266,60.05133056640625,50.476234436035156,31.009172439575195,120.75,33.88459396362305,25.371116638183594,27.07498550415039
2017-08-01 00:00:00-04:00,74.79964447021484,70.77806091308594,41.182373046875,41.09500503540039,89.97999572753906,28.90300178527832,56.33340072631836,77.66991424560547,35.28270721435547,216.24313354492188,138.15603637695312,45.307621002197266,125.5404281616211,43.14838409423828,24.3118896484375,45.90020751953125,36.77762222290039,61.09400177001953,52.67676544189453,30.783557891845703,125.81999969482422,33.68964767456055,25.499343872070312,27.16609764099121
2017-09-01 00:00:00-04:00,74.85203552246094,70.64512634277344,41.15311813354492,40.999271392822266,89.93501281738281,29.057994842529297,56.66970443725586,77.5308609008789,35.371437072753906,219.51097106933594,137.44735717773438,46.746795654296875,133.13230895996094,44.35749816894531,25.037511825561523,46.739192962646484,36.76121139526367,61.22117614746094,53.60285949707031,29.64642906188965,121.58000183105469,34.462039947509766,25.54207992553711,27.180116653442383
2017-10-01 00:00:00-04:00,74.90605926513672,70.5796890258789,41.17137145996094,40.99629211425781,90.10533905029297,29.117908477783203,56.721435546875,77.71699523925781,35.41747283935547,225.798583984375,144.09339904785156,48.423065185546875,134.42733764648438,44.73969268798828,25.18838119506836,49.20577621459961,37.967159271240234,63.840572357177734,55.48052978515625,31.80335235595703,120.66999816894531,35.14646911621094,25.755786895751953,27.558591842651367
2017-11-01 00:00:00-04:00,74.94206237792969,70.42288208007812,41.05810546875,40.91573715209961,89.99552154541016,28.977828979492188,56.511417388916016,77.50987243652344,35.39167785644531,232.7003173828125,146.93450927734375,50.219852447509766,138.38108825683594,44.716793060302734,25.159645080566406,50.262874603271484,37.81950378417969,64.11182403564453,56.279170989990234,31.388208389282227,121.0999984741211,36.11134338378906,25.909656524658203,27.56560707092285
2017-12-01 00:00:00-05:00,74.93387603759766,70.3287353515625,41.010013580322266,40.90489196777344,90.90016174316406,29.022184371948242,56.410003662109375,78.21867370605469,35.322574615478516,234.32476806640625,147.51220703125,49.97441864013672,137.30934143066406,45.15961456298828,25.73438835144043,50.2796516418457,38.65627670288086,64.66284942626953,56.534061431884766,32.55241012573242,123.6500015258789,36.522216796875,26.020784378051758,28.070236206054688
2018-01-01 00:00:00-05:00,75.15379333496094,70.27212524414062,41.03217315673828,40.74967575073242,90.21634674072266,29.33924674987793,56.911685943603516,78.27437591552734,35.698455810546875,248.79635620117188,160.7654571533203,52.299964904785156,141.35537719726562,47.95709228515625,27.200586318969727,53.154823303222656,42.49839782714844,70.47126007080078,64.38260650634766,33.87190628051758,127.6500015258789,37.95016860961914,26.54222297668457,28.24545669555664
2018-02-01 00:00:00-05:00,75.14559173583984,70.12928771972656,40.859046936035156,40.34352493286133,87.96228790283203,29.090980529785156,56.18156051635742,76.36095428466797,35.09882736206055,239.74996948242188,158.68711853027344,50.26734161376953,135.92210388183594,45.00965881347656,25.377939224243164,51.5755500793457,39.99163055419922,66.12818908691406,59.554561614990234,31.207612991333008,125.0,36.73138427734375,26.183198928833008,27.76885986328125
2018-03-01 00:00:00-05:00,75.24915313720703,70.30241394042969,40.895050048828125,40.41538619995117,88.43919372558594,29.171546936035156,56.06456756591797,76.75714111328125,34.999576568603516,232.24818420410156,151.9679718017578,50.71800994873047,137.26010131835938,44.63356399536133,25.436504364013672,51.246185302734375,40.208160400390625,66.80896759033203,59.012367248535156,31.034847259521484,125.79000091552734,36.19733428955078,26.054975509643555,27.71278953552246
2018-04-01 00:00:00-04:00,75.30592346191406,70.13072204589844,40.93565368652344,40.177391052246094,87.04971313476562,29.308439254760742,56.326717376708984,75.160888671875,34.477195739746094,234.3834228515625,152.98448181152344,50.2009162902832,138.92715454101562,45.815677642822266,26.53447914123535,51.212406158447266,39.07554244995117,65.70596313476562,57.53211975097656,31.780479431152344,124.58999633789062,35.964088439941406,25.986587524414062,27.965105056762695
2018-05-01 00:00:00-04:00,75.41712951660156,70.3698959350586,41.05063247680664,40.365535736083984,87.5048828125,29.33679962158203,56.34602737426758,74.52079772949219,34.40730667114258,240.0811004638672,161.66319274902344,52.258575439453125,147.49002075195312,44.70500183105469,26.373443603515625,50.45233154296875,38.051177978515625,65.49053192138672,59.23613357543945,30.59837532043457,123.0999984741211,36.61628341674805,26.157554626464844,28.00014877319336
2018-06-01 00:00:00-04:00,75.51362609863281,70.38106536865234,41.05229187011719,40.30924987792969,87.05638885498047,29.448789596557617,56.38687515258789,73.37736511230469,34.21149826049805,240.38243103027344,163.16505432128906,52.32143020629883,148.3961639404297,43.29351806640625,25.458463668823242,48.90683364868164,36.085750579833984,61.75929641723633,55.59572982788086,30.271024703979492,118.6500015258789,36.299495697021484,25.978042602539062,27.923049926757812
2018-07-01 00:00:00-04:00,75.61766052246094,70.33527374267578,41.12710952758789,40.5804557800293,88.23487854003906,29.78693389892578,57.33399963378906,75.26368713378906,34.750362396240234,250.40708923339844,168.08677673339844,53.164154052734375,150.2990264892578,45.65372848510742,26.307340621948242,49.8131103515625,37.60401916503906,63.29351806640625,55.17464065551758,32.443336486816406,115.98999786376953,37.02980041503906,26.208845138549805,27.93706703186035
2018-08-01 00:00:00-04:00,75.73091125488281,70.57215118408203,41.31108474731445,40.75590133666992,88.25676727294922,29.97406578063965,57.75242233276367,73.5280990600586,34.157127380371094,258.4000549316406,177.80332946777344,55.18685531616211,157.3455352783203,44.36370849609375,25.153440475463867,49.549278259277344,36.187374114990234,61.88987350463867,52.51186752319336,32.48886489868164,113.51000213623047,37.95414352416992,26.277233123779297,28.47674560546875
2018-09-01 00:00:00-04:00,75.83445739746094,70.4773941040039,41.268306732177734,40.60776901245117,88.12797546386719,30.16588592529297,58.053287506103516,75.01648712158203,34.599849700927734,258.7649841308594,176.98414611816406,54.344642639160156,153.28048706054688,44.22213363647461,25.565542221069336,51.259925842285156,35.97780990600586,61.17938995361328,51.77700424194336,29.565959930419922,112.76000213623047,37.804752349853516,26.260133743286133,28.567861557006836
2018-10-01 00:00:00-04:00,75.9571762084961,70.57982635498047,41.20976638793945,40.170509338378906,86.31781005859375,29.751482009887695,56.89406967163086,73.1251449584961,34.18833541870117,241.9736785888672,162.0621795654297,48.92061996459961,136.80030822753906,40.88772964477539,23.834701538085938,46.67265701293945,32.82597732543945,54.57712173461914,46.036495208740234,27.489877700805664,115.1500015258789,35.98843002319336,25.533536911010742,28.322551727294922
2018-11-01 00:00:00-04:00,76.0951156616211,70.841064453125,41.2061882019043,40.135536193847656,85.9889907836914,29.66931915283203,56.643089294433594,72.75106811523438,34.131500244140625,246.46212768554688,161.6327362060547,50.57010269165039,139.16197204589844,40.611358642578125,23.54997444152832,47.098201751708984,34.43543243408203,57.852264404296875,49.693477630615234,30.367252349853516,115.54000091552734,36.275543212890625,25.601917266845703,28.126310348510742
2018-12-01 00:00:00-05:00,76.0951156616211,71.28117370605469,41.42088317871094,40.48558807373047,87.32532501220703,28.959028244018555,55.22092056274414,73.22796630859375,34.34199523925781,223.45660400390625,147.2130126953125,44.74192428588867,122.09268188476562,38.3924560546875,21.991466522216797,43.140724182128906,32.742156982421875,55.04499435424805,45.49184036254883,30.3581485748291,121.25,34.68573760986328,24.6872615814209,27.16609764099121
2019-01-01 00:00:00-05:00,76.4927978515625,71.6845703125,42.163700103759766,41.9608154296875,90.83674621582031,30.447891235351562,58.48994064331055,78.0284652709961,35.69546127319336,242.7571563720703,160.93707275390625,48.97848129272461,136.37074279785156,41.22664260864258,24.10942840576172,46.554931640625,36.671417236328125,60.639976501464844,51.77460861206055,30.1156005859375,124.75,35.91042709350586,25.85390281677246,27.79509162902832
2019-02-01 00:00:00-05:00,76.48445129394531,71.61615753173828,42.22821807861328,41.96860122680664,90.37715148925781,30.605518341064453,58.929752349853516,78.02130126953125,36.001949310302734,250.62635803222656,165.75106811523438,51.211708068847656,143.43353271484375,42.530113220214844,24.936294555664062,46.62354278564453,36.109859466552734,60.87731170654297,52.996726989746094,30.014602661132812,123.98999786376953,36.45451736450195,26.080385208129883,28.179824829101562
2019-03-01 00:00:00-05:00,76.62579345703125,72.06318664550781,42.70048522949219,43.03555679321289,93.0188217163086,30.819351196289062,59.69741439819336,79.19561004638672,36.519474029541016,254.0438232421875,171.94317626953125,51.39702224731445,140.0576629638672,42.609596252441406,25.273168563842773,46.932308197021484,36.51826477050781,62.14323043823242,54.498191833496094,32.36508560180664,122.01000213623047,36.782859802246094,26.19362449645996,28.23063850402832
2019-04-01 00:00:00-04:00,76.76825714111328,72.18742370605469,42.814117431640625,43.23421859741211,93.4321517944336,31.05293083190918,60.29046630859375,79.3313217163086,36.689937591552734,265.5867919921875,181.7289276123047,53.21317672729492,145.2010040283203,44.5328369140625,25.847387313842773,47.53268051147461,37.37761688232422,63.52339172363281,55.4497184753418,32.60380935668945,121.19999694824219,37.46249008178711,26.36784553527832,28.637147903442383
2019-05-01 00:00:00-04:00,76.93282318115234,72.71537780761719,43.123783111572266,43.810115814208984,94.97945404052734,30.619380950927734,59.13498306274414,79.7252197265625,36.89298629760742,248.6500701904297,166.78140258789062,49.825897216796875,133.7988739013672,42.00682067871094,24.262548446655273,45.21694564819336,34.637901306152344,57.870826721191406,48.30026626586914,33.035343170166016,123.33000183105469,36.203086853027344,26.028118133544922,27.577322006225586
2019-06-01 00:00:00-04:00,77.07084655761719,73.04003143310547,43.546390533447266,44.867156982421875,98.05156707763672,31.21923828125,60.97978973388672,82.52937316894531,37.696041107177734,264.66552734375,179.04432678222656,53.22492980957031,142.64178466796875,43.885345458984375,24.74489402770996,46.812232971191406,36.50975799560547,61.35205078125,51.89680862426758,32.41099548339844,133.1999969482422,37.819637298583984,26.49850845336914,27.43214225769043
2019-07-01 00:00:00-04:00,77.21918487548828,73.00501251220703,43.60688400268555,45.04869842529297,98.3219223022461,31.275800704956055,61.08261489868164,83.16082000732422,38.10001754760742,269.9737548828125,183.6297607421875,53.91847229003906,144.1204071044922,43.51237487792969,24.76531410217285,47.039188385009766,35.81077575683594,60.02659606933594,51.36793518066406,30.57505226135254,133.2100067138672,38.53507614135742,26.463661193847656,27.504724502563477
2019-08-01 00:00:00-04:00,77.3585433959961,73.5807113647461,44.05809783935547,46.20615768432617,102.14845275878906,31.356346130371094,61.51658630371094,84.4676742553711,38.2464485168457,265.4535217285156,180.1416473388672,52.28863525390625,137.01377868652344,42.79625701904297,23.823074340820312,46.667030334472656,34.456199645996094,57.74441909790039,49.56694030761719,29.815305709838867,143.75,38.195823669433594,26.385265350341797,28.375818252563477
2019-09-01 00:00:00-04:00,77.47270965576172,73.48615264892578,44.07867431640625,46.04857635498047,101.3853759765625,31.501094818115234,61.78450393676758,83.5484619140625,38.3288459777832,269.3746337890625,181.42921447753906,52.800472259521484,139.31515502929688,43.626312255859375,24.678939819335938,49.10770034790039,35.03917694091797,58.664363861083984,49.26823425292969,31.103166580200195,138.8699951171875,38.63875961303711,26.49850845336914,27.628129959106445
2019-10-01 00:00:00-04:00,77.62349700927734,73.72531127929688,44.27934265136719,46.35552215576172,101.84424591064453,31.504518508911133,61.79235076904297,84.03446960449219,38.746490478515625,276.60064697265625,189.75787353515625,53.452430725097656,143.60153198242188,45.57402801513672,25.54266357421875,50.786746978759766,36.505218505859375,61.30036926269531,51.36793518066406,32.10380554199219,142.42999267578125,39.41960525512695,26.751117706298828,27.29421043395996
2019-11-01 00:00:00-04:00,77.70584869384766,73.68634796142578,44.31588363647461,46.39597702026367,102.32130432128906,31.52443504333496,62.13438415527344,83.23339080810547,38.86355972290039,286.6130676269531,197.4799346923828,55.14838790893555,149.43983459472656,46.163455963134766,25.85674476623535,51.43586349487305,36.470924377441406,61.609981536865234,52.41338348388672,31.927764892578125,137.86000061035156,39.98679733276367,26.881786346435547,27.018367767333984
2019-12-01 00:00:00-05:00,77.71347045898438,73.68609619140625,44.37942886352539,46.48472595214844,102.59041595458984,31.878889083862305,63.11149597167969,85.34902954101562,39.19267654418945,293.4977111816406,204.71087646484375,56.32161331176758,153.0425567626953,47.972652435302734,26.775436401367188,51.271419525146484,38.468505859375,65.01554870605469,56.305294036865234,32.56707000732422,142.89999389648438,40.374366760253906,26.829519271850586,26.923995971679688
2020-01-01 00:00:00-05:00,78.0045394897461,74.35041046142578,45.00197982788086,47.75458526611328,105.6623764038086,32.128990173339844,63.289913177490234,87.05785369873047,40.050201416015625,294.8215637207031,211.38819885253906,55.78010559082031,148.83836364746094,46.75665283203125,26.08728790283203,50.57815170288086,36.873443603515625,61.7150993347168,53.30132293701172,31.985551834106445,149.3300018310547,40.68406677246094,27.181074142456055,26.31571388244629
2020-02-01 00:00:00-05:00,78.0045394897461,74.88327026367188,45.234867095947266,48.18175506591797,106.54096221923828,31.64408302307129,62.2125358581543,85.66171264648438,39.608428955078125,271.48187255859375,198.58349609375,51.169349670410156,135.6725616455078,43.03521728515625,23.417814254760742,46.38302230834961,35.48116683959961,61.24015426635742,55.0925178527832,29.85256004333496,148.3800048828125,37.986934661865234,26.781612396240234,26.3452205657959
2020-03-01 00:00:00-05:00,78.17343139648438,75.82454681396484,43.65222930908203,44.384517669677734,99.80927276611328,28.42847442626953,55.96065139770508,72.82880401611328,34.35670471191406,236.19265747070312,183.72349548339844,42.348838806152344,106.12373352050781,35.63351821899414,19.085918426513672,43.2563591003418,29.885791778564453,53.515689849853516,50.7652702331543,22.359281539916992,148.0500030517578,35.46015167236328,25.272541046142578,26.74361228942871
2020-04-01 00:00:00-04:00,78.19660186767578,76.04915618896484,44.85157775878906,46.925750732421875,104.65948486328125,29.4888916015625,58.65941619873047,75.98406982421875,36.84743881225586,267.75048828125,211.68392944335938,48.435977935791016,121.2864990234375,38.18080520629883,20.180883407592773,45.33203887939453,32.08366012573242,57.342079162597656,53.1860466003418,25.08579444885254,158.8000030517578,37.63576126098633,26.0537052154541,26.352602005004883
2020-05-01 00:00:00-04:00,78.21537017822266,76.01947021484375,45.549652099609375,48.134735107421875,107.23784637451172,30.12967300415039,60.41252899169922,80.78658294677734,38.34757614135742,280.5075378417969,225.65696716308594,52.70616912841797,129.2816619873047,40.410152435302734,20.564516067504883,48.528751373291016,33.038116455078125,57.9514274597168,54.090511322021484,25.49384307861328,162.91000366210938,38.924407958984375,26.568567276000977,25.887815475463867
2020-06-01 00:00:00-04:00,78.22732543945312,76.0386962890625,45.93720626831055,49.20439910888672,109.5236587524414,30.255521774291992,60.101890563964844,83.24163055419922,39.16496276855469,284.2314147949219,239.42691040039062,53.322662353515625,133.2653045654297,41.711299896240234,20.588497161865234,48.099605560302734,35.01707077026367,61.98393249511719,58.03645324707031,26.91274642944336,167.3699951171875,38.848602294921875,26.914764404296875,25.821420669555664
2020-07-01 00:00:00-04:00,78.2358627319336,76.11775207519531,46.3070068359375,50.15023422241211,112.93413543701172,31.472396850585938,63.12384033203125,86.46501922607422,40.293758392333984,302.29486083984375,257.46343994140625,56.73078918457031,137.6196746826172,43.53470993041992,21.041105270385742,47.96048355102539,38.12664794921875,67.32425689697266,63.646583557128906,29.700647354125977,185.42999267578125,40.77207946777344,27.39411735534668,26.175539016723633
2020-08-01 00:00:00-04:00,78.2358627319336,76.10984802246094,46.43400573730469,50.076812744140625,110.945068359375,31.56040382385254,63.122989654541016,87.10285949707031,40.70010757446289,323.3940734863281,285.6421203613281,58.57412338256836,145.15626525878906,45.41227340698242,21.61724090576172,51.21788024902344,39.22755813598633,69.9510269165039,67.33134460449219,31.030384063720703,184.8300018310547,42.08913803100586,27.740318298339844,26.050121307373047
2020-09-01 00:00:00-04:00,78.21876525878906,76.1098403930664,46.35639572143555,49.891807556152344,110.452392578125,31.403011322021484,62.53384017944336,85.28730010986328,40.38161087036133,310.0439453125,269.1358642578125,57.03601837158203,139.8890380859375,43.751670837402344,20.684062957763672,52.144775390625,38.83123016357422,69.42028045654297,66.01409149169922,31.48603057861328,177.1199951171875,40.33148193359375,27.5095157623291,25.828794479370117
2020-10-01 00:00:00-04:00,78.22732543945312,76.08250427246094,46.415340423583984,49.789276123046875,109.88789367675781,31.507909774780273,62.77064895629883,84.86695861816406,40.13418960571289,303.5235900878906,260.94091796875,57.920166015625,143.51585388183594,41.61362075805664,19.750886917114258,51.412078857421875,39.377281188964844,70.7066650390625,69.17372131347656,31.234962463378906,176.1999969482422,39.588687896728516,27.38524055480957,25.681245803833008
2020-11-01 00:00:00-04:00,78.21876525878906,76.10008239746094,46.71181869506836,50.85587692260742,114.03994750976562,32.491058349609375,64.87265014648438,88.4217300415039,41.49654006958008,336.5398864746094,290.23358154296875,65.06100463867188,169.6991729736328,48.43593978881836,22.93180274963379,56.84107208251953,42.91779708862305,76.4279556274414,71.03388214111328,33.922340393066406,166.6699981689453,40.61253356933594,28.299558639526367,26.389490127563477
2020-12-01 00:00:00-05:00,78.21876525878906,76.10801696777344,46.82849884033203,51.02815628051758,113.992919921875,32.90017318725586,65.89118957519531,90.03050994873047,41.86305618286133,347.52679443359375,303.9112854003906,69.0377197265625,183.798583984375,50.550601959228516,23.767602920532227,59.63941955566406,45.50714111328125,80.61100006103516,72.06633758544922,37.400123596191406,178.36000061035156,41.3377571105957,28.34394645690918,27.363323211669922
2021-01-01 00:00:00-05:00,78.22132110595703,76.18290710449219,46.95623779296875,50.82196807861328,112.35758209228516,33.12616729736328,66.1760025024414,89.04281616210938,41.94275665283203,345.4515380859375,305.2578430175781,70.51136016845703,193.3057861328125,50.72707748413086,23.98189353942871,59.368507385253906,47.43694305419922,84.79109954833984,78.49166107177734,36.42609786987305,172.61000061035156,42.6579475402832,28.944063186645508,28.00434684753418
2021-02-01 00:00:00-05:00,78.21277618408203,76.11236572265625,46.743255615234375,49.93474197387695,109.59835815429688,33.1918830871582,65.77272033691406,86.05518341064453,41.67307662963867,355.0570983886719,304.8502502441406,73.40464782714844,205.2957000732422,52.03562545776367,24.92574119567871,60.45856475830078,47.810665130615234,85.81563568115234,78.12397003173828,38.1850471496582,161.80999755859375,43.300628662109375,28.998382568359375,29.19034767150879
2021-03-01 00:00:00-05:00,78.20423889160156,76.07705688476562,46.66265106201172,49.208553314208984,107.97147369384766,33.58957290649414,66.5792236328125,85.4273910522461,41.348533630371094,369.964599609375,309.6927490234375,75.0811996459961,207.76895141601562,53.53108596801758,25.697233200073242,60.724430084228516,47.463626861572266,84.01136779785156,73.27204132080078,39.255306243896484,159.9600067138672,43.19984817504883,28.79015350341797,28.886436462402344
2021-04-01 00:00:00-04:00,78.20423889160156,76.12293243408203,46.847877502441406,49.721378326416016,109.10660552978516,33.82414627075195,67.01580047607422,87.47964477539062,41.63364028930664,390.8155212402344,328.4092102050781,78.15489959716797,211.8811798095703,56.33019256591797,26.698530197143555,59.74958419799805,48.03311538696289,84.93616485595703,73.52315521240234,38.175743103027344,165.66000366210938,44.52512741088867,28.96217155456543,30.16879653930664
2021-05-01 00:00:00-04:00,78.1956787109375,76.17498779296875,46.993568420410156,50.00825119018555,109.78694915771484,33.91845703125,67.04265594482422,88.32868957519531,41.832542419433594,393.38165283203125,324.4643249511719,76.89836883544922,212.45587158203125,58.839054107666016,27.732654571533203,60.77760696411133,48.825069427490234,85.52548217773438,73.39759063720703,41.20969772338867,178.3800048828125,45.62793731689453,29.134185791015625,30.20585823059082
2021-06-01 00:00:00-04:00,78.1785888671875,76.04438018798828,46.984249114990234,50.56929397583008,112.21405792236328,34.203407287597656,67.93242645263672,89.0813980102539,42.10951614379883,400.89263916015625,344.3831787109375,77.62735748291016,216.10202026367188,57.39689254760742,26.838054656982422,59.85593032836914,49.07421875,85.67962646484375,73.93570709228516,41.18178176879883,165.6300048828125,46.25445556640625,29.206613540649414,30.702491760253906
2021-07-01 00:00:00-04:00,78.17002868652344,76.16966247558594,47.13950729370117,51.15117263793945,113.81412506103516,34.18461227416992,68.00508880615234,89.58198547363281,42.14375686645508,412.02301025390625,354.646728515625,78.39823150634766,208.5761260986328,59.10988235473633,27.36819076538086,59.913414001464844,46.116371154785156,79.84161376953125,64.05732727050781,41.6300048828125,169.82000732421875,46.61761474609375,29.10702896118164,30.576478958129883
2021-08-01 00:00:00-04:00,78.16148376464844,76.14588165283203,47.12158203125,51.019554138183594,113.43359375,34.34941482543945,68.42554473876953,90.39180755615234,42.42583465576172,424.2846984863281,369.60809326171875,79.48323822021484,213.17132568359375,60.179744720458984,27.551815032958984,61.06508255004883,46.84029006958008,80.71458435058594,63.62591552734375,45.27227783203125,169.69000244140625,47.33540725708008,29.143238067626953,30.84333038330078
2021-09-01 00:00:00-04:00,78.17002868652344,76.06817626953125,47.016502380371094,50.46706771850586,111.73009490966797,34.34127426147461,68.17915344238281,88.01042175292969,41.96444320678711,403.21893310546875,348.2166748046875,76.03618621826172,206.4059600830078,56.6077880859375,26.917476654052734,62.7166862487793,45.02602767944336,77.23175048828125,60.695823669433594,45.356117248535156,164.22000122070312,45.966392517089844,28.753938674926758,30.383760452270508
2021-10-01 00:00:00-04:00,78.16148376464844,75.81470489501953,46.78025436401367,50.26386260986328,112.30229187011719,34.35807418823242,67.95491790771484,88.14500427246094,41.82502365112305,432.8926086425781,376.01678466796875,81.91497039794922,215.83303833007812,59.79953384399414,28.11102867126465,61.06508255004883,45.508628845214844,78.4866714477539,62.23276901245117,45.495845794677734,166.64999389648438,47.91532516479492,29.061758041381836,26.892478942871094
2021-11-01 00:00:00-04:00,78.14440155029297,75.77139282226562,46.62373733520508,50.146934509277344,112.16392517089844,34.016117095947266,67.16835021972656,86.47496795654297,41.36079025268555,429.4144287109375,383.5252380371094,78.953369140625,206.48226928710938,56.87507247924805,26.742206573486328,59.21705627441406,43.6496696472168,75.74040985107422,58.610618591308594,44.26622772216797,165.5,47.83926773071289,28.6271915435791,29.700523376464844
2021-12-01 00:00:00-05:00,78.14440155029297,75.56024932861328,46.5345344543457,50.07978439331055,111.92842864990234,34.433902740478516,68.46098327636719,88.04118347167969,41.59239959716797,447.7009582519531,387.45001220703125,81.98226928710938,210.5330047607422,59.218101501464844,27.66031837463379,59.77949142456055,43.65861511230469,75.20387268066406,56.417545318603516,42.701263427734375,170.9600067138672,49.598060607910156,28.78110122680664,30.099695205688477
2022-01-01 00:00:00-05:00,78.14440155029297,75.09866333007812,46.16963577270508,49.1511344909668,108.31073760986328,34.207115173339844,67.09239196777344,85.64328002929688,40.96571731567383,425.57861328125,354.01116943359375,73.59107208251953,191.03785705566406,57.69227600097656,29.05621910095215,57.960479736328125,44.29843521118164,75.61846160888672,56.67498016357422,45.45431900024414,168.08999633789062,47.623390197753906,28.26175308227539,29.641075134277344
2022-02-01 00:00:00-05:00,78.12731170654297,74.75390625,45.79667282104492,48.309574127197266,105.80138397216797,33.961971282958984,66.27652740478516,80.62074279785156,38.535682678222656,413.01678466796875,338.1657409667969,74.27488708496094,193.01239013671875,54.64107131958008,28.713274002075195,56.92934036254883,42.384639739990234,72.81229400634766,53.0626335144043,43.35353088378906,178.3800048828125,47.309635162353516,28.071102142333984,29.709014892578125
2022-03-01 00:00:00-05:00,78.14440155029297,73.70417022705078,44.91223907470703,46.73313522338867,102.72357940673828,33.81101608276367,65.41897583007812,79.73265075683594,38.20567321777344,427.2151184082031,353.5139465332031,74.41934204101562,194.86354064941406,54.605995178222656,28.841876983642578,55.72636032104492,40.951568603515625,69.48748016357422,47.88402557373047,44.166099548339844,180.64999389648438,48.19383239746094,27.99847412109375,30.54134178161621
2022-04-01 00:00:00-04:00,78.15467834472656,73.32791900634766,44.265872955322266,44.497249603271484,95.83635711669922,32.982784271240234,62.65976333618164,74.38831329345703,37.071319580078125,390.92950439453125,305.82867431640625,69.01518249511719,175.91879272460938,51.30890655517578,27.693002700805664,51.212890625,38.43914794921875,65.68109893798828,45.68402099609375,43.244529724121094,176.91000366210938,47.40185546875,27.06337547302246,30.193124771118164
2022-05-01 00:00:00-04:00,78.1803207397461,73.75780487060547,44.64188766479492,45.04396057128906,97.60821533203125,33.29292297363281,63.692237854003906,74.98493194580078,37.043235778808594,391.8118896484375,300.9764709472656,68.50375366210938,176.26119995117188,52.54791259765625,28.43890953063965,52.099300384521484,38.67497253417969,66.39421081542969,46.88813781738281,41.0545539855957,171.13999938964844,48.43152618408203,26.954431533813477,30.28654670715332
2022-06-01 00:00:00-04:00,78.21450805664062,73.30116271972656,44.07815933227539,43.76948165893555,94.05902862548828,31.573684692382812,59.203346252441406,70.39386749267578,35.61494064331055,357.9566650390625,273.6397705078125,61.498016357421875,161.09005737304688,46.41438674926758,25.68675994873047,47.78483200073242,36.37116241455078,64.088134765625,50.52764892578125,39.013221740722656,168.4600067138672,46.24479675292969,26.046571731567383,29.819427490234375
2022-07-01 00:00:00-04:00,78.22392272949219,73.5887451171875,44.76972579956055,45.37898635864258,98.20935821533203,33.053810119628906,63.13075637817383,72.88912200927734,36.233192443847656,392.6086730957031,308.578369140625,69.49889373779297,178.57583618164062,49.713172912597656,26.977134704589844,51.281158447265625,36.552181243896484,63.269683837890625,45.23976135253906,42.29322814941406,164.10000610351562,47.689937591552734,26.536815643310547,29.309839248657227
2022-08-01 00:00:00-04:00,78.33770751953125,72.98497772216797,44.09028625488281,43.81181716918945,93.88693237304688,32.20296859741211,60.44581985473633,70.93685150146484,36.34109878540039,376.5893859863281,292.7415771484375,67.0910415649414,174.9995880126953,46.00217056274414,25.23160743713379,48.94314193725586,36.067378997802734,62.30202865600586,45.23976135253906,42.63014602661133,159.27000427246094,46.80574035644531,26.22814178466797,29.37778663635254
2022-09-01 00:00:00-04:00,78.46373748779297,72.10350799560547,43.17268371582031,41.68217849731445,88.23954010009766,31.52348518371582,58.12518310546875,66.29088592529297,34.67448425292969,340.3771057128906,261.42987060546875,60.94087219238281,157.2802276611328,41.367889404296875,22.87514305114746,44.61415100097656,31.905412673950195,54.45844268798828,38.748329162597656,40.41044235229492,154.6699981689453,44.52391815185547,25.184099197387695,29.241893768310547
2022-10-01 00:00:00-04:00,78.57444763183594,72.00457763671875,43.05596923828125,41.450592041015625,87.5356674194336,32.39503860473633,60.08118438720703,66.11529541015625,33.80274200439453,369.55328369140625,272.37530517578125,66.9365234375,175.74180603027344,45.04892349243164,24.472301483154297,45.65530014038086,31.274255752563477,51.64852523803711,32.39344787597656,41.81757736206055,151.91000366210938,46.57491683959961,25.55632209777832,28.51148223876953
2022-11-01 00:00:00-04:00,78.77638244628906,72.47427368164062,43.96479415893555,43.41288757324219,93.3809585571289,33.333709716796875,62.21165466308594,72.76513671875,36.22626876831055,390.0972900390625,287.47613525390625,70.79059600830078,179.61460876464844,51.12567138671875,27.51824951171875,50.96150588989258,36.14970779418945,62.06011199951172,42.79978561401367,43.83909225463867,164.80999755859375,48.56472396850586,26.57312774658203,28.891328811645508
2022-12-01 00:00:00-05:00,78.78343200683594,72.37775421142578,43.89421081542969,43.09172058105469,91.63946533203125,32.71415328979492,60.774234771728516,71.5625228881836,36.283992767333984,365.9363098144531,260.9393310546875,66.3055191040039,167.1431121826172,49.91031265258789,26.75894546508789,49.71943664550781,34.6678581237793,60.28297805786133,43.24589920043945,41.36174774169922,169.63999938964844,46.52731704711914,25.837759017944336,27.943347930908203
2023-01-01 00:00:00-05:00,79.46721649169922,73.2502670288086,44.843505859375,45.22675323486328,96.96978759765625,33.97728729248047,63.602386474609375,74.95663452148438,37.90806579589844,390.7351379394531,289.4020690917969,71.24626159667969,184.40138244628906,55.07637023925781,28.856201171875,53.70317840576172,38.409427642822266,66.75763702392578,49.51092529296875,40.61854553222656,179.41000366210938,48.2496223449707,27.124765396118164,28.998125076293945
2023-02-01 00:00:00-05:00,79.44990539550781,72.52491760253906,44.188472747802734,43.64276885986328,92.64041137695312,33.435420989990234,62.10253143310547,72.68000793457031,36.94944763183594,380.9110107421875,288.3609313964844,70.64273071289062,181.223388671875,54.133338928222656,28.599267959594727,51.20429229736328,35.50271224975586,61.64488983154297,44.22532272338867,38.44839096069336,169.77999877929688,47.243221282958984,26.893247604370117,29.024890899658203
2023-03-01 00:00:00-05:00,79.8376235961914,73.70962524414062,44.83818817138672,45.00471496582031,96.16439819335938,33.90732955932617,63.2574348449707,73.82881164550781,37.41079330444336,393.5324401855469,315.2461242675781,69.61084747314453,171.804931640625,55.266780853271484,28.5815486907959,53.72148132324219,36.64496612548828,63.904666900634766,46.10115432739258,39.00331497192383,183.22000122070312,48.700111389160156,27.050676345825195,29.943912506103516
2023-04-01 00:00:00-04:00,80.0253677368164,73.87530517578125,45.10193634033203,45.33779525756836,96.78506469726562,33.98985290527344,63.481624603271484,74.04682922363281,37.72572708129883,401.3450012207031,317.3377990722656,69.44862365722656,169.34579467773438,57.76737976074219,30.061128616333008,53.85877990722656,36.3385124206543,62.81243133544922,44.09595489501953,40.74736022949219,184.8000030517578,49.624942779541016,27.189590454101562,30.247276306152344
2023-05-01 00:00:00-04:00,80.34215545654297,73.58705139160156,44.8883171081543,44.760868072509766,95.04611206054688,33.75047302246094,62.7125358581543,73.17628479003906,37.328460693359375,403.1977233886719,342.35601806640625,67.48641204833984,167.9635772705078,54.80938720703125,28.26259994506836,54.31645202636719,35.46556854248047,61.023441314697266,39.956180572509766,41.322105407714844,182.32000732421875,49.26937484741211,27.013635635375977,30.871845245361328
2023-06-01 00:00:00-04:00,80.69628143310547,73.21669006347656,44.85348129272461,44.79408645629883,95.82963562011719,34.29920959472656,63.800880432128906,75.0000991821289,37.660736083984375,427.7359619140625,363.4390869140625,73.21685028076172,181.0124969482422,56.15640640258789,28.661285400390625,56.65974044799805,36.73783874511719,62.5582160949707,41.34226989746094,43.303985595703125,178.27000427246094,50.73006820678711,27.624847412109375,31.21982765197754
2023-07-01 00:00:00-04:00,81.0062026977539,73.42989349365234,45.09870529174805,44.96702194213867,95.88359069824219,34.683250427246094,64.47345733642578,76.3058090209961,37.9560432434082,443.3780212402344,377.9860534667969,76.16571807861328,192.6021270751953,58.806888580322266,30.075748443603516,58.45067596435547,39.26253890991211,66.80297088623047,46.451290130615234,44.438499450683594,182.35000610351562,52.1647834777832,28.161968231201172,31.523193359375
2023-08-01 00:00:00-04:00,81.38975524902344,73.72584533691406,45.16197967529297,44.668426513671875,94.68580627441406,34.80890655517578,64.63253021240234,74.89952850341797,37.57508087158203,436.1722717285156,372.3804931640625,74.59036254882812,182.8125762939453,56.426456451416016,28.901620864868164,56.810150146484375,36.6606330871582,62.11455154418945,41.890113830566406,43.654178619384766,180.02000427246094,51.72099685668945,27.995275497436523,31.30013084411621
2023-09-01 00:00:00-04:00,81.70500946044922,73.67334747314453,44.916629791259766,43.520137786865234,91.3056869506836,34.49751663208008,63.5947380065918,72.3907699584961,37.17369079589844,414.0221862792969,352.953125,70.68617248535156,171.3074493408203,53.65700149536133,28.576475143432617,55.56593704223633,35.518795013427734,60.14445877075195,40.379051208496094,43.902381896972656,171.4499969482422,51.27720642089844,27.810060501098633,31.416122436523438
2023-10-01 00:00:00-04:00,82.06683349609375,73.91536712646484,44.90378952026367,42.80060577392578,89.07128143310547,34.2648811340332,62.89594650268555,71.52356719970703,36.62745666503906,406.46307373046875,346.1633605957031,67.51544952392578,160.2114715576172,52.22549819946289,27.546855926513672,54.340145111083984,34.348873138427734,58.16490173339844,38.998565673828125,42.929420471191406,184.08999633789062,51.29307174682617,27.4674129486084,29.952829360961914
2023-11-01 00:00:00-04:00,82.43844604492188,74.67369842529297,45.930599212646484,45.299442291259766,95.84107971191406,35.49024200439453,65.96184539794922,75.97135925292969,38.0943489074707,443.5909423828125,383.6141357421875,72.64170837402344,174.95497131347656,57.323394775390625,29.25385856628418,57.70414733886719,37.0256462097168,61.953529357910156,39.81006622314453,45.689453125,188.75,53.57878875732422,28.365703582763672,32.00624084472656
2023-12-01 00:00:00-05:00,82.4006576538086,75.24394226074219,46.6373176574707,46.99897003173828,100.14910125732422,36.10414123535156,67.7879867553711,79.14653015136719,39.296051025390625,461.9702453613281,404.02655029296875,77.79743194580078,195.45372009277344,59.98397445678711,29.849952697753906,59.11426544189453,37.63400650024414,63.05223846435547,38.000518798828125,48.45941162109375,191.1699981689453,54.489200592041016,27.87488555908203,32.525611877441406
2024-01-01 00:00:00-05:00,83.5152816772461,75.95249938964844,47.10956573486328,47.32492446899414,100.43718719482422,36.678340911865234,68.51317596435547,78.81503295898438,39.66151809692383,471.23065185546875,412.4151611328125,77.74605560302734,188.51742553710938,59.67869567871094,29.959228515625,61.87823486328125,36.61011505126953,60.73242950439453,34.922428131103516,49.531654357910156,188.4499969482422,56.50971603393555,28.89503288269043,32.646087646484375
2024-02-01 00:00:00-05:00,83.5152816772461,75.43568420410156,46.73438262939453,46.53314208984375,98.1489486694336,36.652400970458984,68.38054656982422,79.10169982910156,39.742401123046875,495.8227233886719,434.2044677734375,85.19548034667969,199.1219940185547,61.11233139038086,30.254850387573242,64.59784698486328,38.13593673706055,63.43913650512695,37.26396942138672,50.79253387451172,189.30999755859375,58.70038604736328,29.348026275634766,34.08829116821289
2024-03-01 00:00:00-05:00,83.90467071533203,75.69519805908203,47.06550979614258,47.12218475341797,99.64948272705078,36.99131393432617,69.07660675048828,80.66547393798828,40.13523483276367,510.4510803222656,439.1597595214844,89.9154281616211,205.5434112548828,63.09880828857422,31.60361099243164,66.68194580078125,39.17539978027344,65.2596664428711,37.97120666503906,51.219444274902344,205.72000122070312,60.03425979614258,29.7721004486084,35.118431091308594
2024-04-01 00:00:00-04:00,84.22126007080078,75.33324432373047,46.76412582397461,46.0386848449707,96.40589141845703,36.679134368896484,68.18311309814453,78.74275970458984,39.54001235961914,491.39190673828125,420.5071716308594,84.72154235839844,191.95529174804688,61.82796859741211,32.05628204345703,62.868873596191406,39.08957290649414,65.63533020019531,40.01647186279297,51.97398376464844,211.8699951171875,57.81758117675781,29.415491104125977,34.247493743896484
2024-05-01 00:00:00-04:00,84.62211608886719,75.88082122802734,47.238365173339844,46.987884521484375,98.52230834960938,37.10871124267578,69.28593444824219,80.78921508789062,40.34295654296875,516.2463989257812,446.3760070800781,88.21541595458984,201.62655639648438,65.81351470947266,33.5528564453125,64.4576644897461,39.852481842041016,67.57144927978516,41.880149841308594,52.629241943359375,215.3000030517578,59.85671615600586,29.810653686523438,34.51907730102539
2024-06-01 00:00:00-04:00,84.94432067871094,76.29480743408203,47.48500442504883,47.31753158569336,99.12612915039062,37.31949996948242,69.66016387939453,80.60599517822266,40.47443389892578,532.7409057617188,474.50286865234375,86.96197509765625,198.8045654296875,62.91151428222656,32.22256851196289,63.77540969848633,40.615394592285156,69.33419036865234,40.303192138671875,55.37934494018555,215.00999450683594,61.0665283203125,29.90703582763672,33.966548919677734
2024-07-01 00:00:00-04:00,85.33924865722656,77.18777465820312,48.23295211791992,48.55966567993164,101.7696304321289,38.00978088378906,71.2551498413086,82.7379379272461,41.229488372802734,540.9314575195312,467.2817687988281,90.79466247558594,219.96461486816406,65.48847198486328,34.144874572753906,66.81729125976562,41.24150848388672,69.87234497070312,39.85517120361328,57.007568359375,226.5500030517578,61.690589904785156,30.244367599487305,33.95718002319336
2024-08-01 00:00:00-04:00,85.72396850585938,77.87653350830078,48.83128356933594,49.34579086303711,103.66617584228516,38.52700424194336,72.36083984375,84.61160278320312,41.953678131103516,553.5706176757812,472.43994140625,90.04339599609375,216.25038146972656,67.85125732421875,35.340789794921875,67.75877380371094,41.64480209350586,70.58779907226562,40.15274429321289,57.305416107177734,231.2899932861328,62.455360412597656,30.475683212280273,33.507659912109375
2024-09-01 00:00:00-04:00,86.09164428710938,78.46489715576172,49.3065185546875,50.14425277709961,105.69428253173828,39.0731315612793,73.61975860595703,86.3445053100586,42.57516860961914,563.4697875976562,484.1450500488281,90.87374877929688,217.04627990722656,68.01387786865234,35.22779083251953,67.35394287109375,44.03575134277344,75.84732055664062,48.8686637878418,58.10959243774414,243.05999755859375,62.2298469543457,30.919036865234375,33.26417541503906
2024-10-01 00:00:00-04:00,86.45514678955078,77.99069213867188,48.854732513427734,48.939849853515625,102.3342514038086,38.894901275634766,72.90546417236328,84.22672271728516,41.95057678222656,560.1546630859375,480.6334533691406,89.83647155761719,214.7008819580078,64.4190902709961,33.476287841796875,64.08697509765625,42.68183898925781,73.42059326171875,47.27522277832031,54.42624282836914,253.50999450683594,62.83732604980469,30.735912322998047,32.85211944580078
2024-11-01 00:00:00-04:00,86.7870101928711,78.20957946777344,49.16183853149414,49.578861236572266,104.177978515625,39.41967010498047,74.09440612792969,85.71884155273438,42.252471923828125,593.55859375,506.3513488769531,97.8628921508789,238.47216796875,63.2875862121582,33.71170425415039,65.61219024658203,41.53917694091797,71.73831939697266,45.422607421875,54.38652801513672,245.58999633789062,65.23976135253906,31.439491271972656,34.54489517211914
2024-12-01 00:00:00-05:00,86.79549407958984,78.15512084960938,48.91069030761719,48.61229705810547,101.03874206542969,39.02307891845703,73.17288970947266,83.21209716796875,41.59970474243164,577.3343505859375,507.8314208984375,90.10401153564453,217.85594177246094,60.8615608215332,31.92253875732422,63.17374038696289,40.156455993652344,69.78533172607422,44.98105239868164,52.26190185546875,242.1300048828125,64.79668426513672,30.27328109741211,33.48094177246094
2025-01-01 00:00:00-05:00,87.78514099121094,78.97331237792969,49.5604248046875,49.32083511352539,102.34027099609375,40.00748062133789,74.8902359008789,85.62760162353516,42.36368179321289,594.8347778320312,519.654541015625,93.6485366821289,223.96136474609375,65.4597396850586,34.23428726196289,65.3175277709961,41.71318054199219,71.27013397216797,47.357418060302734,50.9900016784668,258.55999755859375,66.83605194091797,31.4483585357666,34.311134338378906
2025-02-01 00:00:00-05:00,87.75642395019531,79.29002380371094,49.874813079833984,50.11005401611328,104.3878402709961,40.10942077636719,75.275390625,87.02714538574219,42.959415435791016,587.2835083007812,505.60577392578125,88.45465850830078,212.26292419433594,68.07811737060547,35.60904312133789,65.47052001953125,42.191627502441406,72.26081085205078,52.415008544921875,48.099998474121094,263.2699890136719,65.68900299072266,31.261165618896484,33.6998176574707
2025-03-01 00:00:00-05:00,88.07896423339844,79.65985870361328,50.07386779785156,50.13026809692383,103.88775634765625,39.63739776611328,74.44670104980469,86.08467102050781,42.91653060913086,552.8972778320312,466.5538330078125,82.70466613769531,197.27154541015625,68.08781433105469,36.02243423461914,65.55657958984375,42.67008590698242,72.58450317382812,53.2171745300293,51.47999954223633,288.1400146484375,63.36521530151367,30.847370147705078,33.117618560791016
2025-04-01 00:00:00-04:00,88.34772491455078,80.28121948242188,50.36853790283203,50.29057312011719,103.60137939453125,39.6884651184082,74.52085876464844,85.84605407714844,42.682708740234375,549.7523193359375,473.7762451171875,82.51306915283203,193.1254119873047,70.99327087402344,36.62809371948242,68.30084991455078,42.728668212890625,72.39813995361328,50.5367546081543,53.56999969482422,303.7699890136719,62.969242095947266,30.768552780151367,33.22435760498047
2025-05-01 00:00:00-04:00,88.67730712890625,80.0983657836914,50.516319274902344,50.502044677734375,103.79810333251953,40.29120635986328,75.8075942993164,86.8402328491211,43.04977798461914,584.3014526367188,517.2608032226562,87.60487365722656,203.24453735351562,74.74205780029297,38.377777099609375,70.87301635742188,44.44718933105469,75.968505859375,51.671531677246094,54.310001373291016,303.6000061035156,64.95158386230469,31.35968780517578,33.787147521972656
2025-06-01 00:00:00-04:00,88.97029113769531,80.55288696289062,51.00436782836914,51.45022201538086,105.99434661865234,40.95802688598633,77.23052978515625,89.1749038696289,43.73295974731445,612.5156860351562,549.6749267578125,90.47896575927734,213.8690948486328,75.46260070800781,38.185508728027344,71.68577575683594,47.103084564208984,81.03961944580078,53.901954650878906,55.68000030517578,304.8299865722656,65.6949691772461,31.84244728088379,34.26261901855469
2025-07-01 00:00:00-04:00,89.2972640991211,80.48722839355469,51.06758117675781,51.513221740722656,105.89997863769531,41.104698181152344,77.3374252319336,89.81710815429688,43.97193145751953,628.475341796875,563.6295776367188,92.67363739013672,218.0382843017578,74.74510955810547,39.055660247802734,70.96475219726562,47.874881744384766,82.68223571777344,56.73653793334961,52.63999938964844,302.9599914550781,66.38385772705078,32.05919647216797,34.95155334472656
2025-08-01 00:00:00-04:00,89.61567687988281,81.1946029663086,51.60665512084961,52.19961166381836,106.96197509765625,41.49702835083008,78.16658782958984,91.4010009765625,44.61376953125,641.3713989257812,569.0064697265625,94.74567413330078,233.7210693359375,77.5610122680664,40.67439270019531,75.45668029785156,49.15653991699219,84.81571960449219,60.5696907043457,51.97999954223633,318.07000732421875,67.28887176513672,32.541954040527344,35.533756256103516
2025-09-01 00:00:00-04:00,89.90876007080078,81.4415054321289,51.83668518066406,52.83448028564453,109.03247833251953,41.835113525390625,78.88207244873047,92.85101318359375,45.05732345581055,662.380859375,598.9031982421875,95.5226821899414,240.46922302246094,78.84546661376953,41.17473220825195,77.31707000732422,52.6465950012207,90.10003662109375,65.05487060546875,52.060001373291016,355.4700012207031,69.5663070678711,33.13309097290039,36.76608657836914
2025-10-01 00:00:00-04:00,90.23516845703125,81.71520233154297,52.01837158203125,53.020503997802734,109.17955780029297,41.8521614074707,78.87676239013672,94.69910430908203,45.202327728271484,680.050537109375,628.2605590820312,95.89566040039062,245.40704345703125,79.54806518554688,41.8614616394043,80.4402084350586,54.5197868347168,93.6064453125,62.802398681640625,53.970001220703125,368.1199951171875,70.76834106445312,33.35969543457031,36.87282180786133
2025-11-01 00:00:00-04:00,90.50260162353516,82.06692504882812,52.31281280517578,53.54514694213867,110.1993179321289,42.09324645996094,79.43500518798828,95.1507339477539,45.34271240234375,681.3765869140625,618.4531860351562,97.1629638671875,247.9186248779297,80.76654052734375,42.33237075805664,80.01608276367188,53.55361557006836,91.52235412597656,61.448944091796875,54.709999084472656,387.8800048828125,71.34960174560547,33.33013916015625,38.00040817260742
2025-12-01 00:00:00-05:00,90.46583557128906,82.07020568847656,52.280555725097656,53.250877380371094,108.94786071777344,42.12370681762695,79.48523712158203,95.11936950683594,45.29411315917969,679.910888671875,613.51953125,96.67399597167969,245.3372802734375,82.82706451416016,43.14664077758789,77.82794952392578,53.9381103515625,91.9767074584961,59.344661712646484,54.04999923706055,396.30999755859375,70.77830505371094,33.014862060546875,37.69307327270508
2026-01-01 00:00:00-05:00,91.3759994506836,82.73999786376953,52.91200256347656,53.80099868774414,110.16200256347656,42.85099792480469,80.72100067138672,96.16500091552734,45.97600173950195,691.969970703125,621.8699951171875,100.69999694824219,259.6499938964844,87.5,46.15999984741211,85.72000122070312,59.099998474121094,100.29000091552734,62.400001525878906,51.7400016784668,444.95001220703125,71.72000122070312,34.290000915527344,37.810001373291016
2026-02-01 00:00:00-05:00,91.4469985961914,82.875,52.99300003051758,53.95989990234375,110.5250015258789,42.875,80.90499877929688,96.77999877929688,46.099998474121094,694.8099975585938,615.125,105.49500274658203,267.010009765625,89.5166015625,47.04499816894531,91.42769622802734,60.55939865112305,102.37999725341797,61.935001373291016,53.46500015258789,466.55999755859375,71.70500183105469,34.70429992675781,38.83000183105469
